sample_id,split
2,train
3,train
4,train
5,validation
7,train
8,test
10,train
12,train
13,train
17,train
18,train
19,train
20,train
21,test
22,train
24,train
25,validation
31,train
32,train
35,validation
37,train
39,train
40,train
41,train
42,train
43,train
44,train
45,train
46,train
47,train
48,train
49,train
50,test
51,train
52,test
53,train
54,train
55,validation
56,train
58,test
59,train
60,test
62,test
64,train
65,train
67,train
68,train
69,train
70,train
71,test
72,train
73,train
74,validation
76,train
77,validation
78,train
79,train
80,train
81,validation
82,train
83,train
84,train
85,train
86,test
87,train
88,test
89,train
90,train
91,train
92,train
93,train
95,train
96,train
98,validation
99,train
101,train
102,test
103,train
104,train
105,train
106,train
107,test
108,train
109,train
110,validation
111,train
112,train
113,train
114,train
115,validation
116,train
117,train
118,train
119,test
120,train
121,test
122,train
123,train
124,train
125,validation
126,train
127,train
128,test
129,train
130,train
131,test
133,test
134,train
135,validation
136,validation
137,train
138,train
140,train
142,train
143,train
144,train
145,train
146,test
148,validation
149,train
150,train
151,train
152,validation
153,train
154,train
155,train
156,train
157,train
158,train
159,train
160,train
161,train
162,train
163,train
164,train
166,train
167,train
168,train
169,train
170,validation
171,train
172,test
173,train
174,train
175,train
176,validation
177,train
178,train
179,train
180,validation
181,train
182,train
184,train
185,train
186,train
187,train
188,train
189,train
190,train
191,train
192,validation
193,test
194,validation
195,train
196,train
197,validation
198,train
199,test
201,train
202,train
203,validation
204,train
205,train
206,train
207,train
208,train
209,train
210,test
211,validation
212,train
213,train
214,validation
215,test
216,train
217,train
218,train
219,train
220,train
221,train
222,test
223,validation
224,validation
225,train
226,train
227,train
228,train
229,train
231,train
232,train
233,train
234,validation
235,train
236,train
237,train
238,train
239,test
240,train
241,test
242,train
243,train
244,validation
245,validation
246,test
247,train
248,train
250,validation
253,train
254,train
257,train
258,train
260,train
262,train
264,train
265,train
266,train
269,train
270,train
272,validation
273,train
274,train
275,train
276,train
278,train
279,train
280,train
281,train
282,train
284,train
285,train
286,train
288,train
289,train
290,validation
292,train
293,train
294,train
296,validation
297,validation
298,train
299,validation
300,train
301,test
302,train
303,train
304,train
305,train
306,train
307,validation
308,train
309,train
310,train
311,validation
312,train
313,train
314,validation
315,train
316,test
317,train
318,train
319,train
320,test
321,train
322,train
323,train
324,train
325,test
326,train
327,test
328,train
329,test
330,validation
332,train
333,train
334,train
335,train
336,train
338,test
339,test
340,train
341,train
342,test
343,train
344,train
345,train
346,validation
347,validation
348,test
349,train
350,train
352,train
353,test
354,test
355,train
356,train
357,train
358,train
359,train
360,train
361,validation
362,train
364,train
365,test
366,train
367,test
368,test
369,train
370,test
371,test
372,train
374,train
375,validation
376,train
378,train
379,test
380,train
381,validation
383,train
384,train
386,train
387,test
390,train
391,train
392,train
393,test
395,train
397,test
399,train
400,train
401,train
402,test
403,train
404,train
405,train
406,train
407,train
408,validation
410,train
415,train
416,test
419,test
420,train
422,train
423,train
425,train
426,train
427,validation
428,train
429,train
430,validation
431,validation
432,train
435,train
436,test
437,train
440,test
441,train
442,validation
444,train
445,train
448,train
449,train
450,train
451,test
452,train
453,train
454,validation
455,test
456,train
458,train
459,train
460,train
461,train
462,train
463,validation
464,train
466,train
467,train
468,train
469,train
472,train
473,train
475,validation
477,test
478,train
479,train
480,train
481,train
482,validation
484,validation
485,train
486,train
487,validation
488,train
489,train
490,validation
492,train
493,train
494,test
496,train
497,train
498,test
499,test
500,train
501,train
502,validation
503,train
504,test
506,train
507,train
512,train
513,train
514,train
515,train
518,validation
519,train
520,train
521,train
522,train
523,test
524,train
525,train
527,train
529,test
530,train
535,train
536,train
537,train
540,test
544,validation
547,train
550,test
551,train
554,test
555,validation
556,train
558,train
560,validation
561,train
564,train
565,validation
568,test
574,test
577,test
579,train
580,train
581,train
582,validation
584,train
585,test
586,validation
591,validation
592,train
594,validation
597,train
598,train
600,validation
605,validation
606,train
607,train
608,train
609,train
610,train
611,train
612,train
613,train
614,train
615,train
616,train
617,train
620,train
621,train
622,validation
623,train
625,train
628,train
629,validation
631,train
632,test
634,validation
635,train
637,test
638,test
639,train
640,train
643,validation
644,train
645,train
646,validation
647,train
648,test
649,test
650,train
651,train
652,validation
653,train
654,train
656,train
657,test
658,train
660,train
661,train
662,train
663,train
664,train
665,train
666,validation
667,train
668,train
671,train
672,validation
673,train
674,train
675,validation
676,test
677,validation
681,test
682,train
684,train
685,test
686,train
687,train
688,train
689,train
690,test
691,test
692,test
693,train
695,train
696,train
697,train
698,train
699,train
700,train
702,test
703,train
704,validation
706,train
707,train
708,train
709,train
710,train
711,train
712,train
713,train
714,train
715,test
717,train
718,train
719,train
721,validation
722,test
723,validation
724,validation
725,train
726,test
727,train
728,test
729,train
730,validation
731,train
732,train
733,train
734,train
735,train
736,validation
737,validation
738,train
739,train
740,train
741,train
742,train
743,train
744,train
745,train
746,validation
747,train
748,train
749,validation
750,train
756,train
757,train
758,train
759,train
763,train
764,validation
767,train
769,train
773,validation
775,train
776,train
777,validation
779,train
780,train
781,train
782,validation
784,train
787,train
789,train
790,train
791,train
794,train
795,validation
796,train
797,train
798,train
799,train
800,train
801,test
804,train
805,train
806,train
807,test
808,test
810,train
811,validation
813,train
814,train
815,train
818,test
819,train
820,train
823,train
824,train
825,test
826,train
829,train
830,train
831,validation
833,validation
834,train
836,train
839,test
841,test
844,train
845,train
846,validation
848,train
850,train
851,train
852,train
854,train
855,train
856,train
857,train
858,test
859,train
860,train
863,train
864,validation
865,train
866,train
867,validation
869,train
871,train
872,train
873,test
874,train
876,test
879,train
880,test
882,train
884,train
886,test
887,train
889,train
890,test
891,train
892,train
893,train
897,train
898,train
899,train
902,train
903,train
904,train
908,train
909,train
910,test
911,train
913,test
915,validation
921,train
924,train
925,train
926,train
928,validation
931,train
932,train
934,train
936,train
938,train
939,train
941,train
942,train
944,train
945,train
949,test
952,validation
954,train
955,validation
956,train
957,train
958,train
959,train
960,train
961,train
962,train
964,train
967,test
968,train
970,train
973,test
974,train
976,train
977,train
978,train
979,train
980,test
981,train
983,train
985,test
986,train
987,test
988,validation
989,train
990,test
991,train
993,train
994,train
995,validation
996,train
997,train
999,train
1000,train
1001,train
1002,train
1003,validation
1004,train
1005,train
1006,test
1007,validation
1008,train
1009,test
1010,train
1011,train
1012,train
1013,train
1014,train
1015,train
1016,train
1017,test
1018,train
1019,train
1020,test
1021,validation
1022,train
1023,train
1024,train
1025,train
1026,test
1027,validation
1028,train
1029,train
1030,train
1031,train
1032,train
1033,train
1034,train
1035,validation
1036,test
1037,validation
1038,validation
1039,train
1040,train
1041,train
1042,train
1043,train
1044,validation
1045,test
1046,train
1047,train
1048,train
1049,train
1050,train
1051,train
1052,train
1053,train
1054,train
1055,validation
1056,test
1057,train
1058,train
1059,train
1060,train
1061,train
1062,validation
1063,validation
1064,validation
1065,train
1066,test
1067,train
1068,train
1069,train
1070,train
1071,train
1072,validation
1073,validation
1074,train
1075,train
1076,train
1077,test
1078,test
1079,train
1080,train
1081,train
1082,validation
1083,train
1084,train
1085,test
1086,train
1087,validation
1088,train
1089,train
1090,train
1091,validation
1092,train
1093,validation
1094,train
1095,validation
1096,train
1097,test
1098,train
1099,train
1100,train
1101,test
1102,train
1103,test
1104,train
1105,train
1106,train
1107,train
1108,test
1109,validation
1110,train
1111,train
1112,validation
1113,train
1114,train
1115,train
1116,train
1117,train
1118,test
1119,test
1120,train
1121,train
1122,train
1123,train
1124,validation
1125,train
1126,validation
1127,train
1128,train
1129,train
1130,test
1131,train
1132,train
1133,train
1134,train
1135,test
1136,train
1137,train
1138,train
1139,train
1140,train
1141,train
1142,train
1143,validation
1144,train
1145,test
1146,validation
1147,train
1148,train
1149,train
1150,test
1151,validation
1152,train
1153,train
1154,train
1155,train
1156,train
1157,train
1158,train
1159,train
1160,train
1161,train
1162,train
1163,train
1164,train
1165,test
1166,train
1167,test
1168,train
1169,train
1170,train
1171,train
1172,validation
1173,train
1174,train
1175,train
1176,test
1177,train
1178,train
1179,validation
1180,train
1181,train
1182,train
1183,validation
1184,train
1185,train
1186,train
1187,validation
1188,validation
1189,train
1190,train
1191,train
1192,train
1193,train
1194,train
1195,validation
1196,train
1197,train
1198,train
1199,train
1200,train
1201,train
1202,train
1203,train
1204,train
1205,validation
1206,test
1207,train
1208,test
1209,train
1210,train
1211,train
1212,validation
1213,train
1214,train
1215,train
1216,train
1217,validation
1218,test
1219,validation
1220,train
1221,train
1222,train
1223,validation
1224,train
1225,train
1226,train
1227,train
1228,train
1229,train
1230,test
1231,train
1232,train
1233,train
1234,test
1235,test
1236,test
1237,train
1238,train
1239,train
1240,train
1241,validation
1242,train
1243,test
1244,validation
1245,train
1246,train
1247,train
1248,train
1249,train
1250,train
1251,train
1252,test
1253,train
1254,train
1255,test
1256,train
1257,train
1258,train
1259,train
1260,train
1261,train
1262,train
1263,train
1264,test
1265,test
1266,validation
1267,train
1268,train
1269,train
1270,test
1271,train
1272,train
1273,train
1274,train
1275,test
1276,validation
1277,validation
1278,train
1279,test
1280,validation
1281,train
1282,test
1283,train
1284,train
1285,test
1286,train
1287,train
1288,train
1289,train
1290,train
1291,test
1292,train
1293,train
1294,test
1295,train
1296,test
1297,train
1298,validation
1299,test
1300,train
1301,train
1302,train
1303,validation
1304,validation
1305,validation
1306,train
1307,train
1308,validation
1309,train
1310,train
1311,train
1312,validation
1313,test
1314,train
1315,test
1316,train
1317,train
1318,train
1319,train
1320,train
1321,train
1322,validation
1323,validation
1324,train
1325,train
1326,train
1327,train
1328,train
1329,train
1330,train
1331,train
1332,train
1333,test
1334,train
1335,train
1336,train
1337,train
1338,test
1339,train
1340,train
1341,train
1342,train
1343,train
1344,test
1345,train
1346,validation
1347,train
1348,validation
1349,validation
1350,test
1351,validation
1352,train
1353,train
1354,train
1355,validation
1356,validation
1357,test
1358,train
1359,test
1360,train
1361,train
1362,train
1363,train
1364,train
1365,train
1366,train
1367,train
1368,test
1369,train
1370,validation
1371,validation
1372,train
1373,train
1374,test
1375,test
1376,validation
1377,train
1378,train
1379,train
1380,validation
1381,train
1382,train
1383,train
1384,validation
1385,validation
1386,train
1387,train
1388,train
1389,train
1390,validation
1391,train
1392,test
1393,test
1394,test
1395,test
1396,train
1397,train
1398,train
1399,train
1400,train
1401,train
1402,train
1403,test
1404,test
1405,train
1406,train
1407,train
1408,train
1409,train
1410,train
1411,train
1412,train
1413,train
1414,train
1415,validation
1416,train
1417,train
1418,test
1419,train
1420,train
1421,train
1422,train
1423,train
1424,train
1425,train
1426,train
1427,train
1428,train
1429,validation
1430,validation
1431,train
1432,train
1433,train
1434,train
1435,train
1436,train
1437,train
1438,test
1439,test
1440,train
1441,validation
1442,train
1443,validation
1444,train
1445,train
1446,train
1447,train
1448,train
1449,train
1450,train
1451,test
1452,train
1453,train
1454,train
1455,train
1456,test
1457,train
1458,validation
1459,train
1460,train
1461,train
1462,train
1463,train
1464,train
1465,train
1466,train
1467,test
1468,test
1469,test
1470,train
1471,test
1472,validation
1473,train
1474,train
1475,validation
1476,test
1477,validation
1478,train
1479,train
1480,train
1481,train
1482,train
1483,train
1484,train
1485,train
1486,train
1487,train
1488,train
1489,train
1490,validation
1491,validation
1492,train
1493,test
1494,train
1495,test
1496,train
1497,test
1498,train
1499,train
1500,train
1501,train
1502,test
1503,train
1504,test
1505,validation
1506,train
1507,train
1508,test
1509,validation
1510,validation
1511,train
1512,train
1513,train
1514,validation
1515,train
1516,validation
1517,train
1518,train
1519,train
1520,train
1521,test
1522,train
1523,train
1524,validation
1525,train
1526,train
1527,train
1528,train
1529,train
1530,train
1531,train
1532,validation
1533,train
1534,train
1535,validation
1536,validation
1537,train
1538,test
1539,train
1540,train
1541,train
1542,train
1543,validation
1544,test
1545,train
1546,validation
1547,train
1548,test
1549,train
1550,train
1551,validation
1552,train
1553,test
1554,train
1555,train
1556,train
1557,validation
1558,test
1559,train
1560,train
1561,train
1562,train
1563,validation
1564,validation
1565,validation
1566,train
1567,validation
1568,validation
1569,train
1570,train
1571,test
1572,validation
1573,validation
1574,train
1575,train
1576,validation
1577,validation
1578,train
1579,validation
1580,train
1581,test
1582,train
1583,train
1584,test
1585,train
1586,train
1587,train
1588,train
1589,train
1590,train
1591,train
1592,train
1593,train
1594,train
1595,train
1596,train
1597,train
1598,train
1599,test
1600,train
1601,train
1602,train
1603,test
1604,train
1605,train
1606,validation
1607,train
1608,validation
1609,train
1610,test
1611,train
1612,train
1613,test
1614,train
1615,train
1616,validation
1617,train
1618,train
1619,train
1620,test
1621,train
1622,test
1623,test
1624,train
1625,train
1626,validation
1627,train
1628,test
1629,train
1630,train
1631,train
1632,train
1633,train
1634,train
1635,train
1636,train
1637,train
1638,validation
1639,validation
1640,test
1641,train
1642,train
1643,train
1644,train
1645,train
1646,train
1647,test
1648,train
1649,train
1650,test
1651,test
1652,train
1653,validation
1654,train
1655,train
1656,test
1657,train
1658,train
1659,train
1660,train
1661,train
1662,train
1663,train
1664,train
1665,test
1666,test
1667,test
1668,train
1669,validation
1670,test
1671,train
1672,train
1673,train
1674,validation
1675,train
1676,train
1677,test
1678,test
1679,train
1680,train
1681,train
1682,validation
1683,train
1684,test
1685,validation
1686,validation
1687,validation
1688,train
1689,validation
1690,train
1691,validation
1692,train
1693,validation
1694,validation
1695,train
1696,train
1697,train
1698,train
1699,test
1700,train
1701,validation
1702,train
1703,train
1704,validation
1705,validation
1706,validation
1707,train
1708,train
1709,validation
1710,train
1711,train
1712,train
1713,test
1714,train
1715,train
1716,train
1717,train
1718,train
1719,train
1720,train
1721,train
1722,train
1723,train
1724,train
1725,train
1726,validation
1727,train
1728,train
1729,train
1730,validation
1731,train
1732,train
1733,train
1734,test
1735,validation
1736,validation
1737,train
1738,train
1739,train
1740,validation
1741,train
1742,train
1743,train
1744,train
1745,train
1746,validation
1747,train
1748,train
1749,train
1750,train
1751,train
1752,train
1753,train
1754,train
1755,validation
1756,test
1757,train
1758,train
1759,train
1760,train
1761,train
1762,test
1763,train
1764,test
1765,test
1766,validation
1767,train
1768,train
1769,train
1770,train
1771,train
1772,train
1773,test
1774,train
1775,validation
1776,train
1777,train
1778,validation
1779,train
1780,train
1781,test
1782,train
1783,test
1784,test
1785,test
1786,train
1787,train
1788,train
1789,test
1790,validation
1791,test
1792,train
1793,validation
1794,train
1795,train
1796,train
1797,train
1798,train
1799,test
1800,train
1801,train
1802,train
1803,train
1804,validation
1805,train
1806,train
1807,test
1808,train
1809,train
1810,test
1811,train
1812,train
1813,train
1814,train
1815,test
1816,train
1817,train
1818,train
1819,train
1820,train
1821,test
1822,train
1823,train
1824,train
1825,train
1826,validation
1827,train
1828,test
1829,test
1830,train
1831,test
1832,validation
1833,train
1834,test
1835,validation
1836,train
1837,train
1838,test
1839,train
1840,train
1841,train
1842,train
1843,train
1844,train
1845,train
1846,train
1847,validation
1848,train
1849,train
1850,train
1851,train
1852,train
1853,validation
1854,train
1855,test
1856,validation
1857,validation
1858,validation
1859,validation
1860,train
1861,train
1862,train
1863,test
1864,test
1865,train
1866,train
1867,test
1868,train
1869,validation
1870,train
1871,test
1872,validation
1873,train
1874,train
1875,test
1876,train
1877,train
1878,validation
1879,train
1880,test
1881,validation
1882,train
1883,test
1884,train
1885,train
1886,train
1887,train
1888,train
1889,train
1890,test
1891,train
1892,test
1893,train
1894,validation
1895,validation
1896,train
1897,train
1898,train
1899,train
1900,validation
1901,train
1902,train
1903,train
1904,validation
1905,train
1906,train
1907,train
1908,train
1909,train
1910,train
1911,train
1912,train
1913,train
1914,train
1915,test
1916,train
1917,train
1918,train
1919,train
1920,train
1921,train
1922,train
1923,train
1924,validation
1925,test
1926,test
1927,train
1928,test
1929,test
1930,train
1931,train
1932,test
1933,validation
1934,test
1935,train
1936,train
1937,train
1938,train
1939,train
1940,train
1941,train
1942,train
1943,train
1944,train
1945,train
1946,train
1947,train
1948,train
1949,train
1950,train
1951,train
1952,train
1953,validation
1954,train
1955,train
1956,train
1957,test
1958,train
1959,train
1960,test
1961,validation
1962,validation
1963,train
1964,train
1965,validation
1966,train
1967,train
1968,train
1969,train
1970,train
1971,train
1972,train
1973,validation
1974,train
1975,train
1976,train
1977,test
1978,train
1979,train
1980,train
1981,train
1982,train
1983,train
1984,train
1985,train
1986,train
1987,validation
1988,train
1989,train
1990,train
1991,train
1992,train
1993,train
1994,test
1995,train
1996,train
1997,train
1998,train
1999,train
2000,train
