level,representation_level,target,selected_alpha,test_source,validation_mae,validation_r2,validation_pearson_r,test_mae,test_r2,test_pearson_r,baseline_validation_mae,baseline_validation_r2,baseline_validation_pearson_r,baseline_test_mae,baseline_test_r2,baseline_test_pearson_r
0,pre_transformer,valence,1000,module_d_unified_held_out_sweep,0.60970753229601837,0.55137324725906089,0.74587950019787597,0.65710247632549967,0.52672039526568559,0.72828043296118605,0.92482557158129675,-4.6064285113889269e-05,,1.002563190149397,-0.0031138068365039739,
0,pre_transformer,arousal,100,module_d_unified_held_out_sweep,0.66471792441118449,0.51261716297820326,0.72079891648193439,0.73042846973594444,0.53662866257521602,0.73502013799598132,1.0126818838269218,-1.8368567474613684e-05,,1.1319956319956321,-0.00032013328369528971,
1,transformer_layer_1,valence,1000,module_d_unified_held_out_sweep,0.60467210742128552,0.56750920088436196,0.7568884238694118,0.6386550437657964,0.55907167325142137,0.75014849282717089,0.92482557158129675,-4.6064285113889269e-05,,1.002563190149397,-0.0031138068365039739,
1,transformer_layer_1,arousal,100,module_d_unified_held_out_sweep,0.65823170670808628,0.53677542983622439,0.73888961845543633,0.70324009226176643,0.55781506372967671,0.74910763083234921,1.0126818838269218,-1.8368567474613684e-05,,1.1319956319956321,-0.00032013328369528971,
2,transformer_layer_2,valence,1000,module_d_unified_held_out_sweep,0.61080220267477747,0.56085199931081875,0.75154244564690309,0.62756627492074968,0.56883506567711595,0.75617551872037092,0.92482557158129675,-4.6064285113889269e-05,,1.002563190149397,-0.0031138068365039739,
2,transformer_layer_2,arousal,100,module_d_unified_held_out_sweep,0.62545851380325512,0.58406187249522634,0.77145886832422805,0.68439705297134112,0.55400861576133376,0.74888472605015322,1.0126818838269218,-1.8368567474613684e-05,,1.1319956319956321,-0.00032013328369528971,
3,transformer_layer_3,valence,1000,module_d_unified_held_out_sweep,0.61763414873604572,0.56580601263296493,0.75578523877428716,0.65066042543588376,0.55692140543549518,0.74848922660201367,0.92482557158129675,-4.6064285113889269e-05,,1.002563190149397,-0.0031138068365039739,
3,transformer_layer_3,arousal,1000,module_d_unified_held_out_sweep,0.60142167043265693,0.59979802790952186,0.77679327588576164,0.65201644792586211,0.6055821417143612,0.77843481740324449,1.0126818838269218,-1.8368567474613684e-05,,1.1319956319956321,-0.00032013328369528971,
4,transformer_layer_4,valence,1000,module_d_unified_held_out_sweep,0.60999554715700566,0.57110400554343688,0.75785905883869553,0.65375535022349884,0.5546435273869923,0.74689125004214807,0.92482557158129675,-4.6064285113889269e-05,,1.002563190149397,-0.0031138068365039739,
4,transformer_layer_4,arousal,1000,module_d_unified_held_out_sweep,0.59385451655989185,0.61085351381334818,0.78365798417232746,0.65456570087468546,0.6111465334033217,0.78193035567849434,1.0126818838269218,-1.8368567474613684e-05,,1.1319956319956321,-0.00032013328369528971,
5,transformer_layer_5,valence,1000,module_d_unified_held_out_sweep,0.60151865278161332,0.5807569432995161,0.76490111467406918,0.62967739128077715,0.58201409253796221,0.76536679007144159,0.92482557158129675,-4.6064285113889269e-05,,1.002563190149397,-0.0031138068365039739,
5,transformer_layer_5,arousal,1000,module_d_unified_held_out_sweep,0.60038871995099297,0.61844501401486496,0.78725992998356187,0.66911651116436377,0.59832084866948221,0.77505450000585285,1.0126818838269218,-1.8368567474613684e-05,,1.1319956319956321,-0.00032013328369528971,
6,transformer_layer_6,valence,1000,module_d_unified_held_out_sweep,0.59732684686576609,0.57530947019573708,0.76071627496171967,0.62304916778507224,0.58561186091587669,0.76759489165769867,0.92482557158129675,-4.6064285113889269e-05,,1.002563190149397,-0.0031138068365039739,
6,transformer_layer_6,arousal,1000,module_d_unified_held_out_sweep,0.58248634371679486,0.64839266580300725,0.80634835702919672,0.66375472504802902,0.60116297442940358,0.77581114626552861,1.0126818838269218,-1.8368567474613684e-05,,1.1319956319956321,-0.00032013328369528971,
7,transformer_layer_7,valence,1000,module_d_unified_held_out_sweep,0.59043445061483657,0.57748701690097692,0.76256955201117016,0.62727608498556575,0.58334406319550114,0.76513929634315359,0.92482557158129675,-4.6064285113889269e-05,,1.002563190149397,-0.0031138068365039739,
7,transformer_layer_7,arousal,1000,module_d_unified_held_out_sweep,0.59294471672718529,0.63879801386968627,0.79984227869879998,0.65952802331180027,0.61100406040074851,0.78168146400647442,1.0126818838269218,-1.8368567474613684e-05,,1.1319956319956321,-0.00032013328369528971,
8,transformer_layer_8,valence,1000,module_d_unified_held_out_sweep,0.59847461186804529,0.56335718753333008,0.75209807495023218,0.64005084395830847,0.57033794822675854,0.75642437207421076,0.92482557158129675,-4.6064285113889269e-05,,1.002563190149397,-0.0031138068365039739,
8,transformer_layer_8,arousal,1000,module_d_unified_held_out_sweep,0.59781646324169102,0.63090317037865962,0.79466302270284728,0.67028141893780924,0.60373220140858852,0.77700792316983291,1.0126818838269218,-1.8368567474613684e-05,,1.1319956319956321,-0.00032013328369528971,
9,transformer_layer_9,valence,1000,module_d_unified_held_out_sweep,0.62709405567049581,0.54682720350765479,0.74036700775747732,0.63054441571504649,0.58696634446554774,0.76868808293681212,0.92482557158129675,-4.6064285113889269e-05,,1.002563190149397,-0.0031138068365039739,
9,transformer_layer_9,arousal,1000,module_d_unified_held_out_sweep,0.58866023947445201,0.63453020085341394,0.79674933416586413,0.67311219042381365,0.59776530857138788,0.7732863871137361,1.0126818838269218,-1.8368567474613684e-05,,1.1319956319956321,-0.00032013328369528971,
10,transformer_layer_10,valence,1000,module_d_unified_held_out_sweep,0.63637876819220218,0.53578151207269187,0.73336541974528102,0.64721469050060298,0.5731695599587685,0.7598597375220888,0.92482557158129675,-4.6064285113889269e-05,,1.002563190149397,-0.0031138068365039739,
10,transformer_layer_10,arousal,1000,module_d_unified_held_out_sweep,0.59030242221527962,0.62450008438214999,0.79064062435731652,0.69190057661467141,0.57558563531727547,0.75882524363748916,1.0126818838269218,-1.8368567474613684e-05,,1.1319956319956321,-0.00032013328369528971,
11,transformer_layer_11,valence,1000,module_d_unified_held_out_sweep,0.63567038204038206,0.53204180592361072,0.73051834626973056,0.65828030151599903,0.55593827183165012,0.75053220318958935,0.92482557158129675,-4.6064285113889269e-05,,1.002563190149397,-0.0031138068365039739,
11,transformer_layer_11,arousal,1000,module_d_unified_held_out_sweep,0.60226320125122401,0.60404421181690937,0.77753381632085183,0.72144326988304441,0.54519732409604083,0.73842541434980802,1.0126818838269218,-1.8368567474613684e-05,,1.1319956319956321,-0.00032013328369528971,
12,transformer_layer_12,valence,1000,reused_authoritative_module_c_rq1,0.63300661154799254,0.52387217713248468,0.72502282845011223,0.63514456544053821,0.5797803121408952,0.76885532439765925,0.92482557158129675,-4.6064285113889269e-05,,1.002563190149397,-0.0031138068365039739,
12,transformer_layer_12,arousal,1000,reused_authoritative_module_c_rq1,0.63132760028727564,0.56597017370676705,0.75317306909769255,0.74455618007161772,0.5114217056357836,0.71550931113116323,1.0126818838269218,-1.8368567474613684e-05,,1.1319956319956321,-0.00032013328369528971,
